Sample type,Harvest year,Lab code,Short code,Origin,Country,18O,13C,15N,34S,Na,Mg,Al,P,S,K,Ca,V,Cr,Mn,Fe,Co,Ni,Cu,Zn,As,Se,Rb,Sr,Mo,Cd,Cs,Ba,Hg,Pb
Strawberry,2018,JAG-18-04,S-18-04,Authentic SLO,Slovenia,-3.779856116,-25.91205151,3.771403689,3.556611014,3.486905566,1.492015547,28.77181479,1.602312626,0.668636719,14.22187134,0.942958045,5.133850172,NaN,20.44329463,15.72790072,71.26325967,97.8304801,3.712941224,7.846976111,7.448336005,4.360401764,9.74264003,2.308180666,127.4067961,8.336259112,11.60694823,4.441569641,NaN,NaN
Strawberry,2018,JAG-18-05,S-18-05,Authentic SLO,Slovenia,-3.552212354,-27.35218001,4.230575816,3.923438733,4.083309423,1.495968162,33.14677115,1.65101256,0.658073486,14.94763777,0.88043032,8.264211071,NaN,23.25350576,18.64020691,92.29604656,128.2457022,4.191623547,7.717825374,3.692305996,11.29925138,10.47203906,2.408636644,131.0945598,11.05740071,9.54179261,4.8324309,NaN,NaN
Strawberry,2018,JAG-18-06,S-18-06,Authentic SLO,Slovenia,-4.060170935,-27.17918322,3.224170885,3.874733335,5.85762388,1.534252478,17.05223948,1.544858727,0.633411415,17.88311837,0.952989192,4.037438312,NaN,17.0671803,17.24078169,56.86696432,105.3996364,3.810006641,6.2584322,4.258006712,11.44423044,10.5728034,2.594445582,125.7921631,28.31537407,9.459053378,6.008814084,28.6,NaN
Strawberry,2018,JAG-18-07,S-18-07,Authentic SLO,Slovenia,-4.463702553,-27.16537776,4.635559543,3.564254227,3.836590879,1.435963097,22.73937796,1.544668777,0.646390437,14.10899688,0.864875421,4.355927857,NaN,16.75671494,31.8800259,76.0151184,75.19202137,3.048200797,6.849432032,5.761033447,NaN,8.238868112,1.664032431,134.1621712,54.13597567,6.88267425,2.617554526,NaN,NaN
Strawberry,2018,JAG-18-08,S-18-08,Authentic SLO,Slovenia,-4.018498548,-26.07159543,5.072491802,3.931060832,3.854590182,1.313191473,29.42925638,1.69603078,0.621966749,14.66261708,1.066376347,5.249390945,NaN,18.19840334,15.09759092,58.85561133,NaN,3.053631563,5.431114302,NaN,15.73934397,11.03677496,3.037254617,193.3997341,5.361713223,8.492715139,3.965637291,NaN,NaN
Strawberry,2018,JAG-18-09,S-18-09,Authentic SLO,Slovenia,1.837418661,-26.8962156,3.748855464,5.587651547,7.49591184,1.306963759,27.49383559,1.744809234,0.772717579,14.46539555,1.348333027,7.873169725,NaN,26.08205206,18.52208654,57.84036,244.7938262,5.443300253,6.981890853,NaN,10.81130459,5.960296129,1.972682791,778.8053532,21.1730334,2.57236282,3.826539896,NaN,NaN
Strawberry,2018,JAG-18-10,S-18-10,Authentic SLO,Slovenia,4.218253422,-26.13498757,0.298543775,6.254335528,12.04634483,1.246951224,51.21832571,1.465407547,0.713040227,12.18730795,1.405009285,13.32053603,NaN,28.36311615,23.57830579,52.67501774,354.2771929,3.769228851,4.856399038,NaN,3.402202713,3.551712438,5.182736572,96.28807585,3.711148586,3.427579052,6.622864771,NaN,NaN
Strawberry,2018,JAG-18-11,S-18-11,Authentic SLO,Slovenia,2.847990493,-27.51150569,5.573728913,3.099499745,31.38207303,1.113548152,20.91487515,1.889412922,0.645194056,9.183282545,1.535601155,9.469573042,NaN,9.791580267,12.83997711,65.46120339,NaN,3.403286553,5.734533763,4.743833963,13.18470902,3.163719737,5.316166085,263.2554596,3.291795096,14.48193758,2.765409884,24.3,NaN
Strawberry,2018,JAG-18-12,S-18-12,Authentic SLO,Slovenia,2.796818623,-27.4761462,3.140450577,4.811359334,10.09512756,1.436311666,23.3872184,1.757034445,0.634409477,10.7308492,1.507095504,9.552120143,NaN,30.07239734,16.04645812,87.79666501,553.2004251,3.48176164,6.573567567,3.55184804,NaN,4.331164729,5.614925693,82.62728382,33.11545005,9.444523219,8.017752638,0.83,NaN
Strawberry,2018,JAG-18-13,S-18-13,Authentic SLO,Slovenia,1.817666792,-25.70540429,4.989172873,2.279092754,21.9886224,1.284043083,18.69451977,1.566623075,0.703875074,10.90182526,1.702046931,6.652684603,NaN,13.15974411,18.08637705,58.06826153,137.1596801,2.796108854,9.366734468,9.616069327,NaN,7.027104542,6.614873474,171.0482368,24.3288233,50.46143627,8.986966259,0.71,NaN
Strawberry,2018,JAG-18-14,S-18-14,Authentic SLO,Slovenia,2.188616446,-27.66766806,1.980740865,4.85390852,10.68570941,1.357880479,24.79862266,2.205470042,0.757602303,14.29763219,1.091088247,4.62789468,NaN,21.98254402,21.43665689,54.88611033,234.4769427,5.0032957,8.989326427,NaN,5.31805753,8.200742606,2.036449225,259.5585357,25.69530945,4.687692114,10.60924557,NaN,NaN
Strawberry,2018,JAG-18-15,S-18-15,Authentic SLO,Slovenia,1.939971646,-26.09815036,3.5169885,4.024953028,13.78718019,1.636288978,62.64354443,1.635546538,0.556523171,17.7128072,1.073258126,108.0946594,50.40422363,21.91876102,63.57590844,95.71039286,170.3874046,2.993162849,6.780258046,16.14708647,NaN,2.565695693,5.682144891,85.40691357,71.90556842,6.263284992,10.29699024,6.24,34.5
Strawberry,2018,JAG-18-17,S-18-17,Authentic SLO,Slovenia,-0.104815391,-26.34814464,0.82752825,2.106147321,11.39956097,1.327099688,55.97593818,2.057902035,0.859467679,12.20943409,1.662824637,20.72854468,8.400923538,31.32033644,23.73000786,75.17476953,948.2701415,5.268739492,8.481502181,NaN,NaN,4.003528978,8.183599872,125.0051318,45.56330522,6.618545588,7.173444987,0.54,NaN
Strawberry,2018,JAG-18-18,S-18-18,Authentic SLO,Slovenia,-2.699447955,-24.54653425,0.939510848,5.47213597,43.10838051,1.796046122,70.8299242,2.041811978,0.826208681,16.48799866,1.566237594,26.98496168,30.36397378,37.87965389,19.76289835,64.86960443,1038.012896,5.200627745,23.88814632,8.083853927,5.90710427,7.045732377,6.7555221,137.5568523,204.9353651,5.743651417,16.90013241,0.72,33.1
Strawberry,2018,JAG-18-19,S-18-19,Authentic SLO,Slovenia,-2.572536582,-26.83745854,1.193406877,5.38372257,30.2545643,1.327079643,47.81298867,1.529945526,0.826306931,9.968636989,1.349959195,15.19937205,NaN,11.68773871,16.05056197,27.86152467,NaN,4.298892741,6.65585854,4.901140899,NaN,8.422648986,2.147088264,775.991957,11.35711588,41.96882229,6.057872911,NaN,NaN
Strawberry,2018,JAG-18-21,S-18-21,Authentic SLO,Slovenia,-3.370903965,-26.79344586,4.085871199,4.09765643,10.33225733,1.385440706,49.72225405,1.60206242,0.774035257,15.37485435,1.411493647,13.963485,NaN,12.65872878,13.14960936,61.39379011,216.0835339,1.623412165,5.944378687,13.07058905,8.920472924,0.608854139,5.461399464,598.2151837,1.973629572,1.486490548,2.618460638,0.43,NaN
Strawberry,2018,JAG-18-22,S-18-22,Authentic SLO,Slovenia,-2.198372361,-26.12289717,3.717168919,6.258436175,8.161360197,1.480515428,47.21706445,1.526965571,0.587234219,13.6902709,1.742970874,10.4964785,43.3187587,56.47843823,18.04164162,45.39049694,338.4738127,3.361585842,7.730004491,8.24563699,6.683900554,6.582516778,4.76838362,42.15127266,119.2548016,3.474206843,10.36463854,0.65,NaN
Strawberry,2018,JAG-18-23,S-18-23,Authentic SLO,Slovenia,-1.366122994,-25.61297485,1.309558433,2.100229483,5.78372157,1.326202723,36.45634039,1.846881782,0.754189183,10.99064782,1.69652784,7.863679294,NaN,18.87835702,11.62649736,60.93903616,79.18874,3.847381526,10.53846089,5.140936995,NaN,3.606132116,3.470403587,206.3461488,5.010303762,9.338406542,3.797337822,NaN,NaN
Strawberry,2018,JAG-18-24,S-18-24,Authentic SLO,Slovenia,0.473831971,-26.02123069,6.648037488,3.89392486,4.78751783,1.288518275,38.80793701,1.863277776,0.520889699,14.16531902,1.31400944,8.278437168,NaN,22.68203954,15.49431077,37.02347169,326.9434306,3.276412416,5.787960403,6.43370536,NaN,1.89601376,4.63197145,134.4280566,22.767123,2.777274865,9.050740777,NaN,NaN
Strawberry,2018,JAG-18-25,S-18-25,Authentic SLO,Slovenia,-1.066456211,-26.54671914,1.947148452,4.52030531,15.08883794,1.821632548,48.7030392,2.108265265,0.768310567,18.25809359,2.016784617,11.37957883,NaN,21.63238417,20.91530843,15.16944476,141.6318728,2.910961482,9.7584444,4.473496005,16.05446235,4.762643683,4.516135255,463.727418,7.837076851,2.942436582,22.13754171,NaN,NaN
Strawberry,2018,JAG-18-26,S-18-26,Authentic SLO,Slovenia,-2.981468715,-27.49124632,1.108356377,2.508544087,22.23401871,1.762332172,44.78194142,2.362194429,0.862068718,23.76570431,1.074393945,14.94161327,NaN,15.97575952,20.69308304,78.04858264,64.78694201,3.242369589,6.629358504,39.24517169,18.29586424,2.374234716,3.211046277,551.4036659,7.404698942,2.141370539,6.130801934,0.86,NaN
Strawberry,2018,JAG-18-27,S-18-27,Authentic SLO,Slovenia,0.051694846,-26.06882175,3.571128146,3.341340182,NaN,1.597759197,64.48926244,1.978604536,0.657105559,14.27283245,1.850150587,17.05740675,NaN,27.75138191,17.79683477,58.35197327,61.59854324,3.033507184,7.681086196,12.77225021,8.213614701,10.59974446,4.091973885,158.8052247,17.33221603,7.661082095,5.666467754,NaN,18.5
Strawberry,2018,JAG-18-28,S-18-28,Authentic SLO,Slovenia,0.421749701,-26.26049424,4.837940646,5.381475002,7.693944455,1.600878986,54.65707171,2.015434657,0.799703676,11.03759664,1.369658687,14.78303409,NaN,18.14567647,18.05504052,64.31160675,NaN,2.776442228,6.441654293,14.48290188,19.02325834,2.117811781,3.020605815,352.1236061,NaN,2.063440276,2.395063114,NaN,NaN
Strawberry,2018,JAG-18-29,S-18-29,Authentic SLO,Slovenia,2.089374784,-25.64386732,5.347293687,4.687149402,8.324549416,1.310900924,38.76867904,1.414494674,0.519794853,13.36505477,1.20320945,10.94950106,NaN,19.80228856,18.62416009,28.11523714,154.3314413,2.10778062,5.309105542,7.363503315,NaN,3.570715921,3.104602235,152.871577,12.20950045,5.355130409,5.260208834,NaN,NaN
Strawberry,2018,JAG-18-30,S-18-30,Authentic SLO,Slovenia,0.483797032,-26.43662134,1.559914345,4.786475314,13.35224063,1.449121981,45.78449369,1.793717542,0.711340553,12.48620324,1.208005946,19.91119218,NaN,19.85841382,21.64076453,29.96216093,61.05031021,3.127250052,7.979577329,6.022153331,NaN,7.086722034,2.123372198,376.1099359,12.27645449,4.732557204,3.087082067,NaN,NaN
Strawberry,2018,JAG-18-31,S-18-31,Authentic SLO,Slovenia,-0.584469672,-25.96262169,1.976085395,1.70053706,20.16461858,1.584454967,41.42114214,1.751241957,0.668020373,12.27638986,0.960094841,12.64334277,25.76451883,9.323892204,9.209242347,22.7056644,NaN,1.507821781,8.40518998,34.78800933,2.51321278,3.880010136,1.182970357,1031.184262,424.9563491,10.45681591,5.532796633,0.49,520
Strawberry,2018,JAG-18-32,S-18-32,Authentic SLO,Slovenia,0.11032207,-25.6824887,2.723704805,4.728902696,18.50060541,1.381922427,65.7691215,1.772601319,0.658578526,13.77240008,1.469953297,35.11573982,30.1581887,24.54262253,21.61087741,95.56566335,452.8293445,3.066321272,11.58794873,3.550853467,4.424563035,1.659323492,4.392192124,98.2733709,77.93961138,1.849174692,11.37608987,0.85,NaN
Strawberry,2018,JAG-18-34,S-18-34,Authentic SLO,Slovenia,0.996786216,-25.66829719,3.916371829,4.991763453,6.558354738,1.067814826,79.10602032,1.616441022,0.546591292,10.64394757,1.844410634,28.38743744,11.48337141,14.68179044,15.78474112,121.6365466,NaN,2.649421432,5.383687654,14.89784815,23.29984387,3.777331832,7.927718494,546.1694672,6.835693007,10.88683059,2.761060031,NaN,25.6
Strawberry,2018,JAG-18-35,S-18-35,Authentic SLO,Slovenia,-0.716688784,-25.66108096,3.51213494,3.743513326,6.012278227,1.311424058,61.64594266,1.63084186,0.58518826,11.67477138,1.924051711,16.32613414,NaN,15.83493728,15.05792408,39.19126727,111.9559368,3.069043177,5.015781246,12.52185791,7.573857132,1.953415307,9.402023206,135.4886979,13.13749705,10.78815239,10.03728293,NaN,NaN
Strawberry,2018,JAG-18-36,S-18-36,Authentic SLO,Slovenia,-0.532596055,-25.00788378,4.93226089,5.487136358,3.636814787,1.598560408,29.00210696,1.526321635,0.560182587,13.9475754,1.403378881,8.694459294,NaN,16.69649805,19.07982093,42.97498645,NaN,3.195155103,6.679180996,13.21485501,NaN,3.233963457,3.260333883,253.2976915,7.015505259,3.13579831,5.379774633,NaN,NaN
Strawberry,2018,JAG-18-37,S-18-37,Authentic SLO,Slovenia,-2.039253128,-26.64367107,3.030396955,1.046489757,16.37975686,1.767979499,25.24711553,2.196413789,0.789842549,16.04648551,2.107832579,6.515267255,NaN,26.1416659,24.02594236,73.87265597,201.4079121,3.206201097,8.889141004,10.26370785,NaN,6.567415845,4.977333589,74.6231317,90.27180181,4.988518331,7.694632257,2.12,NaN
Strawberry,2018,JAG-18-38,S-18-38,Authentic SLO,Slovenia,-0.756872374,-27.14959609,2.484478135,3.204637746,7.562042111,1.099331017,30.25785427,1.612748613,0.511580587,10.06017544,1.426210948,8.804449357,NaN,20.59974439,17.56663873,35.45894575,1072.679492,3.834080348,7.360119496,4.029787478,7.7327532,3.773244159,5.066516804,63.95394575,171.6996024,7.485698022,12.19295055,0.4,NaN
Strawberry,2018,JAG-18-39,S-18-39,Authentic SLO,Slovenia,-2.699200676,-27.29045975,5.247552441,3.551420885,13.68792567,1.465567565,22.90262289,2.010069134,0.760743905,12.07910244,1.415614467,3.839918203,NaN,16.57817581,19.8884414,37.67459819,756.3592275,4.126555852,6.888832517,5.757174088,15.46902474,4.037602584,4.038533587,271.633792,13.64974847,15.93401269,5.292893627,NaN,NaN
Strawberry,2018,JAG-18-40,S-18-40,Authentic SLO,Slovenia,0.564799562,-26.39001783,5.322656122,5.372402033,2.95112569,1.395332972,21.5366635,1.70841574,0.523183486,12.24052824,1.753131755,5.865487618,NaN,16.90781157,14.5663586,116.6342208,NaN,3.455393007,4.846343402,3.331912142,7.712387106,2.295197792,1.661389842,342.0256875,13.16569923,2.265431985,3.675041889,NaN,NaN
Strawberry,2018,JAG-18-41,S-18-41,Authentic SLO,Slovenia,-0.162675865,-25.77206818,4.110303995,2.711878332,7.564838615,1.590516057,47.8793497,2.133125098,0.66875797,15.12125287,1.825220079,13.99803823,17.93503485,25.87377554,16.88924832,63.22497461,141.6836139,2.715898557,5.886360963,NaN,NaN,1.863554221,3.3382741,88.78744084,96.65288239,1.982277426,8.347238752,NaN,20.2
Strawberry,2019,JAG-19-13,S-19-13,Authentic SLO,Slovenia,-4.236083937,-27.85916542,2.24562679,1.702462396,9.87,0.883,9.55,1.19,0.543,9.57,1.14,23,55,14,14.1,31.3,225,4.8,6.19,NaN,NaN,1.93,4.84,76.9,14.8,2.28,7.93,0.415,NaN
Strawberry,2019,JAG-19-14,S-19-14,Authentic SLO,Slovenia,-5.085439943,-27.93532085,2.553908134,1.431389381,39.4,0.833,8.53,1.54,0.645,11.1,0.924,NaN,27.1,17.7,9.05,62.3,147,4.13,4.65,NaN,NaN,0.825,1.87,265,1.24,1.16,2.79,NaN,NaN
Strawberry,2019,JAG-19-16,S-19-16,Authentic SLO,Slovenia,-0.479955662,-27.68386021,0.378557117,2.156851442,15.5,0.851,10,1.57,0.725,9.59,1.24,NaN,NaN,17.4,14.2,96.8,107,5.58,6.34,NaN,20,1.27,2.57,574,NaN,2.58,2.62,NaN,48.3
Strawberry,2019,JAG-19-20,S-19-20,Authentic SLO,Slovenia,-2.058624689,-27.59955992,1.245471788,3.215394801,33.5,1.15,18.7,1.82,0.697,15,1.45,31.6,56.3,9.74,22.4,19.9,95.1,2.73,3.88,NaN,2.5,5.08,2.03,334,3.04,2.74,3.63,0.614,NaN
Strawberry,2019,JAG-19-21,S-19-21,Authentic SLO,Slovenia,-2.510382653,-26.99929547,4.805782079,3.974577668,14.8,0.948,NaN,1.61,0.67,10.5,1.1,3.39,21.9,12.5,14.9,43.2,100,3.71,6.57,NaN,9.29,1.31,1.66,271,3.97,NaN,3.38,7.61,NaN
Strawberry,2019,JAG-19-22,S-19-22,Authentic SLO,Slovenia,-1.619822973,-26.27399129,5.015205215,4.029583527,4.8,0.599,4.44,0.842,0.417,7.07,0.826,8.27,10.5,8.77,12.2,24.2,129,1.53,2.98,NaN,5.25,1.24,1.76,113,3.83,NaN,2.38,NaN,NaN
Strawberry,2019,JAG-19-26,S-19-26,Authentic SLO,Slovenia,-2.875033288,-27.0129,2.81396038,3.944833548,8.1,0.989,85.7,1.76,0.633,10.7,1.18,46.5,96.9,32.4,30.9,32,451,3.46,6.3,27.2,5.89,1.76,2.58,57.7,21.5,7.61,2.68,0.756,57.3
Strawberry,2019,JAG-19-27,S-19-27,Authentic SLO,Slovenia,-4.581189262,-28.30814487,2.885839407,3.438238172,8.15,0.904,48.3,1.27,0.549,11.6,1.02,28.6,54.1,25.5,9.74,67.7,162,2,5.83,12.38,2.85,0.832,2.42,626,3.48,2.25,2.99,NaN,28.7
Strawberry,2019,JAG-19-32,S-19-32,Authentic SLO,Slovenia,-4.529267247,-26.02495371,4.609655182,4.155650785,19.1,0.957,107,1.36,0.677,13.1,1.29,72,103,12,21.2,71.5,93.8,1.43,3.2,38,8.81,0.986,3.29,506,2.51,5.24,5.12,0.476,82.6
Strawberry,2019,JAG-19-33,S-19-33,Authentic SLO,Slovenia,-2.838096941,-26.53642601,7.672878629,0.152444731,18,0.843,105,1.15,0.517,14.1,2.24,54.4,103,13.5,11.8,77.6,233,2.8,4.01,34,5.59,1.43,9.32,114,NaN,5.37,8.38,NaN,58.3
Strawberry,2019,JAG-19-34,S-19-34,Authentic SLO,Slovenia,-6.837175548,-28.14142772,-0.094125473,1.918856204,11.8,0.983,83.1,1.58,0.618,14.5,1.17,71.3,96,17.5,25.2,199,609,3.32,7.49,19.6,2.5,3.7,4.47,313,1.95,6.63,8.63,NaN,34.4
Strawberry,2019,JAG-19-36,S-19-36,Authentic SLO,Slovenia,-3.331213533,-27.00358343,5.958776304,2.289188644,19.8,0.769,43.6,1.74,0.588,8.34,1.4,33.8,66.3,13.3,23.9,44.6,617,3.8,8,5.47,9.5,2.58,5.29,113,8.13,15.7,3.68,NaN,39.2
Strawberry,2019,JAG-19-38,S-19-38,Authentic SLO,Slovenia,-5.575828429,-26.6241433,2.746295226,4.227654458,8.66,0.829,9.69,1.56,0.556,16,0.758,NaN,NaN,20.5,14.5,40.2,479,3.53,12,6.72,5.01,4.13,2.43,156,139,2.63,5.2,2.43,NaN
Strawberry,2019,JAG-19-39,S-19-39,Authentic SLO,Slovenia,-3.859733354,-26.96484806,1.332152963,1.553678168,10.7,0.779,2.72,1.42,0.752,10.8,0.797,NaN,NaN,16.2,13.5,40.6,147,4.21,5.88,5.11,2.73,4.17,1.39,570,4.72,11.1,3.35,1.85,16.8
Strawberry,2019,JAG-19-41,S-19-41,Authentic SLO,Slovenia,-1.130372074,-27.42171804,4.619318059,4.904487882,40.4,0.968,5.55,1.55,0.582,12.2,1.12,NaN,NaN,14.4,12.3,25,47.2,2.75,5.46,7.89,18.3,6.48,3.89,938,NaN,5.48,2.65,1.05,NaN
Strawberry,2019,JAG-19-42,S-19-42,Authentic SLO,Slovenia,-2.571374675,-28.09280972,4.550573063,3.620947643,11.6,1.16,7.96,2.06,0.675,12.8,1.42,12.3,57.5,25.6,19.3,31.9,65,4.38,22.3,4.3,5.6,3.02,1.67,359,3.46,2.91,4.04,1.11,NaN
Strawberry,2019,JAG-19-43,S-19-43,Authentic SLO,Slovenia,-4.150066143,-27.83991281,1.215742245,1.842970547,9.23,0.878,NaN,1.79,0.496,14.5,0.864,NaN,NaN,17.9,15.2,22.8,45.3,1.44,3.93,NaN,2.5,2.09,1.82,373,16.6,1.2,2.59,1.13,NaN
Strawberry,2019,JAG-19-44,S-19-44,Authentic SLO,Slovenia,-3.607079212,-27.65161042,3.954443183,2.305709924,8.2,1.24,13.9,2.12,0.473,13.4,1.4,21.8,39.1,15,14.1,32.6,79.5,2.64,7.19,11.9,2.5,3.88,2.52,1450,3.23,3.66,4.13,2.26,38.6
Strawberry,2019,JAG-19-45,S-19-45,Authentic SLO,Slovenia,-0.57970097,-26.76333175,3.43245528,2.439346196,NaN,0.821,NaN,1.61,0.665,9.71,1.28,13.4,30.5,19.2,14.1,55.3,142,3.86,6.66,NaN,13.6,6.41,1.89,162,2.68,5.24,3.45,1.18,NaN
Strawberry,2019,JAG-19-46,S-19-46,Authentic SLO,Slovenia,-1.901227232,-27.81736361,2.819521726,3.593920101,9.83,0.923,NaN,1.86,0.638,12.2,1.38,18.3,42.8,24.9,19.7,67.1,511,4.15,7.36,5.4,2.5,3.43,3,114,28.1,2.75,7.26,1.51,NaN
Strawberry,2019,JAG-19-47,S-19-47,Authentic SLO,Slovenia,-0.600545074,-27.07285242,9.223240313,3.090439327,7.77,1.18,11.6,1.73,0.439,12.4,1.37,33.4,48.6,14.5,11,123,226,2.03,7.71,10.4,NaN,1.56,3.04,506,35,1.81,2.89,1.41,NaN
Strawberry,2019,JAG-19-48,S-19-48,Authentic SLO,Slovenia,-0.380907954,-27.04987815,4.670581523,2.272225025,15.3,0.82,3.43,1.36,0.536,11.9,0.947,NaN,NaN,12.7,18.7,29.6,210,2.93,5.18,3.02,3.39,1.26,2.13,149,3.15,1.28,5.25,0.829,NaN
Strawberry,2019,JAG-19-49,S-19-49,Authentic SLO,Slovenia,-1.516508122,-26.90379708,1.781769818,2.707015649,17.5,1.05,16.3,1.78,0.696,13.6,0.641,12.4,43.3,53.6,20.3,51.1,694,5.71,10.5,NaN,6.41,3.03,1.03,169,48.8,3.56,3.25,0.783,NaN
Strawberry,2019,JAG-19-50,S-19-50,Authentic SLO,Slovenia,1.452411261,-26.93674414,2.77142005,2.638930518,4.95,1.03,15.9,1.79,0.676,12,1.05,22.6,28.7,20,22.3,72.5,101,27.8,23.2,6.78,5.54,8.17,1.19,570,1.93,6,2.61,1.31,NaN
Strawberry,2019,JAG-19-51,S-19-51,Authentic SLO,Slovenia,-0.223253305,-27.3574831,7.429326055,2.650324151,14.6,1.22,2.68,2.23,0.773,17,1.26,12.8,33.4,48.6,21.6,45.2,1225,6.15,11.6,5.97,9.27,4.63,4.31,96.8,54.6,1.23,9.76,0.614,NaN
Strawberry,2019,JAG-19-57,S-19-57,Authentic SLO,Slovenia,1.260931048,-26.39228524,3.393831741,4.705507292,14.8,1.24,104,2.25,0.564,12.5,2.04,192,167,31.3,67,165,333,4.52,10.7,33.8,15.8,4.3,5.02,442,12.8,10.36,8.34,1.51,77
Strawberry,2020,JAG-20-03,S-20-03,Authentic SLO,Slovenia,3.64467204,-26.93573876,-2.002758129,-0.021239395,6.747828402,0.810617279,NaN,1.234917192,0.595440845,12.08730288,1.828364439,15.42030818,NaN,22.92826304,13.12774293,159.6662354,301.9485616,4.242605723,7.099926075,NaN,NaN,1.157458454,4.114446118,197.785405,1.168987326,4.722796979,7.574686324,NaN,NaN
Strawberry,2020,JAG-20-05,S-20-05,Authentic SLO,Slovenia,-2.181128312,-27.50983048,8.270533306,2.377912251,8.054410227,0.993041823,3.264233793,2.218090615,0.742209395,13.716379,2.893267827,16.60724205,15.22478247,25.9482038,23.42719595,27.49008644,1234.933348,6.073153056,11.18110177,2.466625002,3.285784376,3.805892001,8.886367299,117.1070894,20.91230258,9.100995011,10.37314997,0.47923855,NaN
Strawberry,2020,JAG-20-06,S-20-06,Authentic SLO,Slovenia,-1.111173518,-28.15689219,-0.14370882,-1.868255057,13.2039576,0.809866007,NaN,1.43385512,0.629301694,10.2259236,1.86114857,16.18460904,15.75508339,22.0546657,13.14159915,62.03395397,203.8904022,3.534381066,6.820878311,6.797552942,6.079134611,0.901918001,2.963439095,492.0599389,2.705465795,4.052620463,2.811070929,0.455352017,45.9689104
Strawberry,2020,JAG-20-07,S-20-07,Authentic SLO,Slovenia,0.571377246,-27.6207268,0.967504093,-2.731422576,19.35404939,0.879965498,4.606441207,1.605235237,0.64562742,10.08706353,2.250538761,17.41402813,NaN,19.13362727,12.9928286,60.95639544,181.0429394,3.429557936,6.965942644,7.168959628,11.35275658,0.835357669,2.868810528,386.0258938,2.629011066,3.70673687,3.012535283,0.478488904,12.41234758
Strawberry,2020,JAG-20-08,S-20-08,Authentic SLO,Slovenia,0.252993606,-26.83054981,3.887031579,1.961992481,13.42003909,0.820064507,3.537821945,1.529079512,0.606496594,8.971736396,1.833547997,14.07228682,17.23026017,17.58181323,20.67784955,29.27589058,224.5852177,2.224101562,5.536391108,3.370700084,4.153395526,2.118033408,2.226639781,235.5762261,6.372109704,4.244088991,2.784127895,NaN,NaN
Strawberry,2020,JAG-20-10,S-20-10,Authentic SLO,Slovenia,0.576882058,-26.24973962,1.538397735,1.702225101,9.31666609,1.118232563,11.99177392,1.829285921,0.857426338,13.33367489,2.146216703,23.15909218,29.68879915,19.14871298,26.77863411,45.02364136,110.3642738,2.643412657,7.516677152,19.31665141,12.03757028,4.598383382,4.599123415,917.8080107,3.430400238,4.552983983,3.26842421,0.427518099,24.50921909
Strawberry,2020,JAG-20-11,S-20-11,Authentic SLO,Slovenia,-0.764765057,-26.94594034,3.719587785,1.68874972,9.370350834,1.07339194,55.17128885,1.693448791,0.677522818,12.85854113,1.676761944,84.35634384,86.98052517,13.53905299,39.78291317,53.5720771,154.449478,3.297191549,6.331232838,14.27752044,9.517175497,2.877132997,1.614397016,397.0196557,3.513427139,7.863183573,4.688151747,0.34050425,NaN
Strawberry,2020,JAG-20-12,S-20-12,Authentic SLO,Slovenia,-1.623865893,-25.55686052,3.493715263,1.437076744,4.661630662,0.925524365,15.28368176,1.346270502,0.586964412,11.90140449,1.794896139,13.05898546,29.65716897,16.24981123,18.71425576,28.76563271,222.1751615,2.982624583,6.366752459,13.90644494,NaN,1.880513684,3.814430552,166.7208133,6.053353858,2.67005605,5.149054161,0.499356543,14.85014472
Strawberry,2020,JAG-20-14,S-20-14,Authentic SLO,Slovenia,-0.326248648,-26.46311808,8.440999104,0.664517009,7.127073615,1.023477878,42.12377889,1.521293711,0.491470933,11.45483362,1.226140205,58.31552675,67.29951349,13.06935716,26.7641891,43.7674685,111.2614892,1.764552614,7.45925231,17.21170304,4.195717311,1.610369732,1.772192388,358.2041081,10.53958481,3.183094079,1.539008512,0.318848739,24.76761217
Strawberry,2020,JAG-20-15,S-20-15,Authentic SLO,Slovenia,-1.743236837,-26.19998386,-0.514548469,-1.924093225,12.26721681,0.868877578,NaN,1.584194432,0.654595703,10.81337721,1.652596807,10.23834401,15.18698901,10.4958071,23.93986808,23.64009082,161.2230009,3.700469639,8.732708563,7.543839305,7.799351129,1.436862802,2.148160829,557.671133,4.527613879,3.134188694,4.750167795,0.571377623,NaN
Strawberry,2020,JAG-20-16,S-20-16,Authentic SLO,Slovenia,1.250074489,-26.50219123,2.671615664,2.4053563,4.404630492,0.757986759,NaN,1.539015447,0.594939693,11.49820452,1.788655615,9.46811528,15.68379719,36.41087361,14.3824861,58.84861654,540.6456085,3.340279085,7.978172914,NaN,4.028119513,9.069079803,3.174742268,61.54358648,43.30839686,8.747374182,6.839546995,0.552717899,NaN
Strawberry,2020,JAG-20-20,S-20-20,Authentic SLO,Slovenia,-0.142625855,-26.28918396,2.468339225,4.242995307,12.65815684,1.140912837,NaN,1.964846032,0.797000119,11.63937468,2.587430969,13.03778596,25.94410349,12.47406768,27.69514475,33.82262495,135.7872985,4.232660238,10.49460822,13.95556308,NaN,0.869799424,3.348668903,650.220448,10.46772813,3.494038118,4.411028702,0.447835454,11.45497143
Strawberry,2020,JAG-20-22,S-20-22,Authentic SLO,Slovenia,-0.846726608,-25.92879583,5.855910625,5.959772975,14.837189,0.904881575,33.16958426,1.311463795,0.487405845,10.50496926,1.559575375,19.67919326,54.13970808,15.83486905,16.36003823,20.54438884,217.6762246,2.230286405,6.317140999,24.24873414,3.756529482,1.160538924,3.847811691,75.03154011,41.71897325,4.143255003,4.720298749,0.326872127,21.97163125
Strawberry,2020,JAG-20-26,S-20-26,Authentic SLO,Slovenia,1.417376,-25.19660385,7.098162271,3.065788283,2.785622066,1.171670176,8.321700817,1.79866114,0.69099863,11.16672555,2.272613835,10.79243298,NaN,19.11931073,23.22738725,65.97052123,296.0489798,7.77909373,9.062852728,7.588327745,NaN,1.191825192,3.117310568,157.1719014,7.781327324,3.601774087,6.335438257,0.505863439,NaN
Strawberry,2020,JAG-20-28,S-20-28,Authentic SLO,Slovenia,-2.425865135,-27.47478731,3.273991424,1.93171635,7.581951173,1.014334749,NaN,1.754213736,0.691555783,14.41965877,1.494780702,5.983882825,NaN,29.60774303,24.63487559,40.07811943,1772.248633,5.128163941,11.51409466,3.285308152,6.855628088,3.425875548,3.477368901,91.21118094,193.4762599,5.848970803,9.955527499,0.800887769,NaN
Strawberry,2020,JAG-20-29,S-20-29,Authentic SLO,Slovenia,-2.658395005,-27.2400009,2.871979387,3.716337359,13.93163919,0.816901642,NaN,1.645094382,0.637391195,12.6910305,1.236026503,7.390499811,NaN,20.91864214,12.69534348,62.20643479,161.88026,3.590441082,7.875164472,5.280328724,NaN,1.637378687,1.779617878,504.1874391,7.149984856,0.962612856,2.407605983,NaN,NaN
Strawberry,2020,JAG-20-30,S-20-30,Authentic SLO,Slovenia,-1.393908406,-25.7284607,-0.119647966,-4.792448406,4.491222619,1.140552482,NaN,2.016828371,0.735975243,13.13980861,2.178098884,6.601595639,17.3812759,16.88944488,28.50219885,60.16854693,135.7419813,3.404553643,7.700610386,7.664767812,NaN,1.35299546,3.296064585,513.017284,7.394549479,1.897075938,4.74698319,0.535364475,NaN
Strawberry,2020,JAG-20-32,S-20-32,Authentic SLO,Slovenia,-1.160595544,-27.3509603,6.506034278,3.834379431,8.281765168,0.971288197,16.15906935,1.625824518,0.64352739,9.405088082,1.764067752,9.276121022,22.21642613,24.71408029,16.64682196,82.67957128,103.901114,2.835591895,8.008285476,8.293467619,NaN,2.132655161,1.892968869,198.2885435,13.79589906,2.393913068,3.396969404,0.542564954,NaN
Strawberry,2020,JAG-20-34,S-20-34,Authentic SLO,Slovenia,-2.363840776,-27.88302882,-1.25677624,0.621656175,16.63028329,1.025776295,36.26821506,2.049429831,0.600639344,15.03999596,1.255150091,70.94371683,15.6598416,24.03042995,45.90398801,32.88026609,53.32750608,0.880637832,4.531896656,18.49510922,NaN,2.394322389,1.893801942,438.1205639,19.07871951,3.574753261,1.706044478,0.75391706,28.05264256
Strawberry,2020,JAG-20-35,S-20-35,Authentic SLO,Slovenia,0.33937364,-27.40162408,3.58988102,3.146138744,5.595777263,1.016227674,NaN,1.71199625,0.58456926,11.07410995,1.359812912,12.52257222,NaN,25.9119352,17.6950498,34.33685853,37.95998276,3.40272701,8.091815522,3.16342524,4.814273861,3.472052939,1.519546095,220.2529308,6.867988157,1.034488382,2.702744261,NaN,NaN
Strawberry,2020,JAG-20-36,S-20-36,Authentic SLO,Slovenia,-1.758482529,-26.99609575,5.198247178,-1.295032087,46.76973346,0.893468393,46.80001615,2.187542586,0.834175458,9.088470587,2.087714363,81.8445057,47.38181521,15.97615228,49.99454593,22.55667072,1613.831561,4.548045208,11.10271521,11.96907294,14.43427509,14.75338579,8.238020806,147.4293665,53.71598252,79.72288044,8.194783924,0.90928679,15.53375918
Strawberry,2020,JAG-20-37,S-20-37,Authentic SLO,Slovenia,-0.294710281,-25.77971619,3.16298453,1.399743592,14.9984023,1.264911169,13.00883999,1.897983671,0.775027622,16.42128232,1.460298833,41.3756271,NaN,11.91331311,31.60740822,75.40768744,221.2644131,2.166723905,8.503415984,6.154951506,NaN,4.279632016,3.313315609,446.7432432,6.416505712,1.286842697,7.099890805,NaN,NaN
Strawberry,2020,JAG-20-40,S-20-40,Authentic SLO,Slovenia,-2.610659423,-27.58371664,4.15293529,2.143439549,6.668255005,0.92148214,NaN,1.692165412,0.679984228,12.30618182,1.251886411,9.760037132,NaN,16.14880728,17.13358166,52.82642229,127.4893874,3.64342621,6.915948133,4.559589072,NaN,1.995863175,0.981410388,437.3111055,4.826367809,NaN,1.848097858,NaN,NaN
Strawberry,2020,JAG-20-45,S-20-45,Authentic SLO,Slovenia,-2.168754663,-25.50204737,3.002330091,1.682250786,4.507525517,0.896456443,NaN,1.325841395,0.606675881,10.8343282,1.72924096,4.447419168,NaN,25.37902063,16.09313759,15.57327663,553.9863176,3.357147479,8.223179502,4.277286138,NaN,2.454360575,2.74465302,166.9033899,104.9333642,8.523247262,14.02512346,0.384480434,NaN
Strawberry,2020,JAG-20-46,S-20-46,Authentic SLO,Slovenia,-2.622024121,-26.15833713,2.803719277,3.308448332,12.35354338,0.860661953,6.432570355,1.329095102,0.545417569,10.09641253,1.405842755,22.92028456,44.50565233,29.36830539,22.49857775,59.65009274,727.5437611,3.09896578,6.29749729,4.133040423,10.95021082,1.686312273,3.912771777,117.9814298,8.051625301,3.797733442,6.357064666,0.746655381,NaN
Strawberry,2020,JAG-20-47,S-20-47,Authentic SLO,Slovenia,-2.42392561,-26.30072894,7.140229404,4.210305204,2.757288208,1.024457005,NaN,1.578518248,0.63601297,12.84019341,1.408131306,NaN,NaN,25.27738433,19.08558604,58.31897323,222.5819808,3.695182396,8.589584514,4.92100232,6.40763858,3.219822746,1.488312052,430.6787584,9.548204038,0.860399794,2.747088098,NaN,NaN
Strawberry,2020,JAG-20-49,S-20-49,Authentic SLO,Slovenia,-3.048258959,-27.3492392,5.921007254,3.016072003,7.583801419,1.104920409,NaN,1.699433841,0.657028527,13.48165283,1.88961188,NaN,25.43649303,43.41893543,18.03419546,25.43698668,543.7418662,4.396184698,9.448207229,4.756827702,NaN,13.35778255,4.551116639,305.3577421,133.5488638,12.28752853,13.96330803,NaN,NaN
Strawberry,2020,JAG-20-50,S-20-50,Authentic SLO,Slovenia,-2.193880888,-27.31483728,3.276479276,-0.301045864,5.731637027,1.041411531,NaN,1.702975164,0.537357992,13.04601242,1.600901669,NaN,NaN,11.616152,12.12300305,80.42089426,169.7074194,2.938039402,7.480826853,NaN,6.040040239,2.953393782,2.470901112,406.7738812,1.035333776,5.948017355,2.760905742,NaN,NaN
Strawberry,2020,JAG-20-51,S-20-51,Authentic SLO,Slovenia,-0.648686554,-27.01803239,7.657915619,2.40644884,5.5951296,1.059051319,4.56532346,1.951102682,0.519189379,14.74661619,1.891978293,4.350485334,NaN,13.0092588,15.85031771,71.55528359,216.6370138,2.773947565,7.506946838,3.217668712,8.577391347,1.917196402,5.237129271,102.3003669,4.430528281,7.295882221,5.80844056,0.375789291,NaN
Strawberry,2020,JAG-20-52,S-20-52,Authentic SLO,Slovenia,-2.626327763,-26.93930383,1.665384533,-3.193789493,4.97984988,1.175227012,9.215198652,2.170170025,0.732305109,15.49092579,1.525300595,8.012815801,NaN,32.14582899,21.43145115,129.8240817,315.5063885,5.110099595,12.3358172,10.7490929,11.67884245,0.90287182,1.854202504,728.7112085,4.870430569,1.863073627,1.864510789,NaN,NaN
Strawberry,2020,JAG-20-53,S-20-53,Authentic SLO,Slovenia,-0.301350085,-26.65421777,-1.538621269,-2.181099519,13.42868617,1.467289816,NaN,3.493542205,1.218825743,23.13731739,2.357076704,NaN,15.80426529,42.07092719,28.5631529,3.284955867,NaN,2.618892965,21.31748131,4.310006053,11.66717506,2.512697224,2.08908773,1149.179377,1.641234931,2.667794844,2.291618574,0.406339385,NaN
Strawberry,2018,JAG-18-01,S-18-01,Test SLO,Slovenia,-3.120806674,-27.21512773,0.065747755,2.713826902,31.09572202,1.302238263,144.2504457,2.052885145,0.780656553,16.47640754,1.566619006,51.22121404,53.23943845,21.53685542,26.09100993,65.59144878,190.6237618,2.950549084,7.350404114,97.21337985,3.865331999,1.0905941,5.882355051,718.7848266,8.111442148,9.344629483,3.445921485,0.68,71.1
Strawberry,2018,JAG-18-02,S-18-02,Test SLO,Slovenia,-1.631726961,-26.44038462,1.588973437,2.866472111,10.31373274,1.466461965,86.51137242,1.863579227,0.751145118,12.0386843,1.343298693,26.31663172,29.25029898,13.46486491,36.65205515,80.8826587,545.1498079,3.616994094,7.947251848,36.25039045,15.96441048,3.301787536,3.417092171,837.8533458,14.59951666,18.0748793,3.062675514,2.21,34.9
Strawberry,2018,JAG-18-03,S-18-03,Test SLO,Slovenia,-3.904896547,-27.02706981,1.789466083,2.182998502,26.87816771,1.833992912,79.1631793,2.318026103,1.044421343,18.80326434,1.602561778,28.7814128,NaN,23.39494356,37.12942771,55.91976177,192.051762,3.389918947,8.043567339,32.03938873,7.701349017,2.240197666,4.15586221,918.5702402,14.24403126,10.08409695,6.992819575,0.79,27.6
Strawberry,2018,JAG-18-16,S-18-16,Test SLO,Slovenia,2.33034658,-26.22731147,3.676855366,7.487948948,19.2962897,1.895866204,74.87667533,2.46999743,0.820558103,15.75706296,1.39437441,49.87978342,16.74322941,27.60606404,37.6539313,154.721919,308.372851,4.936210109,23.05707173,42.26427207,4.172841854,7.989794329,7.295245355,346.2737521,20.62053438,29.06394844,8.160099872,NaN,NaN
Strawberry,2018,JAG-18-20,S-18-20,Test SLO,Slovenia,-3.137482472,-27.04928693,3.769360989,3.640770647,27.65225238,1.750133611,55.70666208,2.093895566,1.015045098,19.89377297,1.288199649,17.48244418,NaN,25.49680886,22.03071707,24.76323236,NaN,3.319527126,7.530167783,15.04754535,3.7689095,7.653614311,3.371623538,292.2335105,6.798803324,5.165563019,8.571756319,0.43,NaN
Strawberry,2018,JAG-18-33,S-18-33,Test SLO,Slovenia,-0.721123176,-26.81274848,4.945258843,6.534607484,9.360209359,1.338708598,41.95130597,1.805183406,0.647181082,11.82527314,1.666257183,9.583652466,NaN,18.58846757,19.18471805,37.90358395,197.4329373,3.662136593,6.748362266,NaN,8.783189554,2.579681804,5.341573151,125.8969607,11.13748253,8.62912378,3.941100179,3.09,21.8
Strawberry,2019,JAG-19-03,S-19-03,Abroad,Croatia,-3.176386809,-26.6526355,3.547235324,2.746009524,46.9,1.17,29.3,2.48,0.825,18.1,0.547,22.6,45.7,90.7,21.4,62.8,923,3.96,13.4,7.13,NaN,1.36,1.47,140,727,1.74,4.29,1.26,NaN
Strawberry,2019,JAG-19-06,S-19-06,Abroad,Croatia,-4.523106622,-27.608074,5.331414845,4.536444529,86.9,0.975,11.5,1.9,0.656,12,0.663,13.5,24.9,29.9,19.7,80.8,585,5.5,9.82,8.81,2.5,2.59,3.25,214,41.1,2.93,2.58,5.06,NaN
Strawberry,2019,JAG-19-30,S-19-30,Abroad,Croatia,-3.412958635,-27.47175661,2.814317873,1.308002623,26.1,1.16,30.3,1.9,0.731,12.2,1.34,20.7,10,22.2,19.2,52.6,156,6.79,7.52,NaN,13.6,0.815,2.2,460,1.6,2.16,2.62,NaN,32
Strawberry,2019,JAG-19-07,S-19-07,Abroad,France,0.960897975,-25.40929152,1.376364845,7.002084829,222,1.04,NaN,2.97,0.711,13.9,0.686,3.04,17.77,15.8,19.2,NaN,NaN,1.43,10.4,NaN,34.7,2.85,2.34,504,NaN,4.87,0.689,2.78,NaN
Strawberry,2019,JAG-19-15,S-19-15,Abroad,France,1.536195738,-26.6753492,4.327727201,3.690869888,111,0.877,10.4,2.18,0.6,14.1,1.06,15.5,54.8,33.3,15.9,97.9,270,2.36,11.1,71.9,9.16,10.4,8.45,174,112,30.6,2.77,0.562,NaN
Strawberry,2019,JAG-19-52,S-19-52,Abroad,France,-0.54699609,-26.75308638,0.238005152,7.464539234,47.2,1.08,NaN,2.87,0.634,20.2,0.613,10.2,34.4,26.7,17.6,6.04,NaN,0.754,14.4,8.74,2.5,4.74,2.89,36.2,4.06,8.66,0.49,0.866,19.4
Strawberry,2019,JAG-19-04,S-19-04,Abroad,Italy,-3.091822293,-26.8208804,4.201262968,5.127349204,15.6,1.52,19.5,2.16,0.631,14.8,0.854,7.98,21.2,19,13.3,38.8,63.5,3.45,7.82,47.1,6.56,3.39,2.4,340,16.9,4.35,2.77,2.66,20.9
Strawberry,2019,JAG-19-05,S-19-05,Abroad,Italy,-3.194602488,-28.54605539,0.471184323,6.456221338,87,1.28,27.4,2.29,0.733,18.1,0.8,30.6,67.9,18.8,33.7,46.8,876,4.95,4.92,24.2,15.6,1.96,4.56,908,6.66,3.48,6.26,1.86,NaN
Strawberry,2019,JAG-19-10,S-19-10,Abroad,Italy,-4.401469348,-27.23469621,8.219263906,4.523138833,10.4,1.28,26.4,1.91,0.564,15.8,1.23,6.74,27.1,16.4,15.4,15.1,45.6,3.52,5.69,33.3,15,1.34,3.32,289,2.09,1.72,3.34,NaN,NaN
Strawberry,2019,JAG-19-17,S-19-17,Abroad,Italy,-4.04687447,-27.60597572,5.168170877,4.762160389,10.1,1.21,106,2.01,0.501,14.7,1.23,51.5,238,15.1,22.5,27.7,94.4,2.88,7.84,51.9,10.7,2.14,7.08,293,4.32,4.89,2.32,0.407,66.9
Strawberry,2019,JAG-19-23,S-19-23,Abroad,Italy,-3.172828173,-28.64150153,1.411983983,5.616568215,11.4,0.852,17.1,1.54,0.713,10.4,1.1,22.8,60.1,18.6,11.4,68.5,220,4.28,6.1,24.1,32.8,4.21,2.5,751,2.63,12.5,4.51,0.422,NaN
Strawberry,2019,JAG-19-24,S-19-24,Abroad,Italy,1.193683779,-25.68813772,5.01718363,6.162143154,34.2,1,123,1.77,0.564,16.6,0.985,56.8,89.7,13.3,20.8,29.2,NaN,4.14,7.97,48.4,12.7,31.8,7.5,803,11.2,70.9,3,0.833,92.6
Strawberry,2019,JAG-19-29,S-19-29,Abroad,Italy,-2.636007314,-27.02052649,1.69416965,3.782568838,11,1,5.26,1.43,0.604,11.7,0.923,15.5,28.8,21.9,18,101,349,2.95,5.62,NaN,NaN,1.74,4.82,489,16,2.15,1.64,0.723,NaN
Strawberry,2019,JAG-19-54,S-19-54,Abroad,Italy,-4.143677143,-25.77608616,-0.572898373,1.997493485,NaN,1.06,5.84,2.63,0.668,20,1.03,22.8,63.9,19.1,20,1.99,NaN,0.958,6.8,8.8,4.77,3.98,23,345,1.29,2.29,0.874,1.23,NaN
Strawberry,2019,JAG-19-55,S-19-55,Abroad,Italy,-2.637981285,-26.77471743,6.668715583,3.637089236,64.1,1.15,12.8,2.58,0.633,19.7,1.4,38.1,77.4,29.2,20.1,22,360,3.83,13.3,31.4,9.96,3.61,7.08,848,150,2.77,7.82,1.11,NaN
Strawberry,2019,JAG-19-56,S-19-56,Abroad,Italy,-1.635331939,-26.41684803,-0.90896038,10.62828168,39.6,1.41,6.58,2.62,0.72,19.1,1.45,24.2,65,28.1,22.7,58.3,48.6,0.918,11.2,79.7,6.97,5.89,15,507,11.4,8.47,3.37,1.5,NaN
Strawberry,2019,JAG-19-58,S-19-58,Abroad,Italy,-2.413073784,-26.93751446,-1.211236254,2.92100812,23.99536223,1.154489115,NaN,2.480413847,0.707451097,16.32505963,1.234976656,7.425799047,NaN,29.65250066,23.69554112,6.255513373,NaN,1.036960791,6.88413802,5.104117143,2.5,3.971090999,31.28415644,610.5049619,3.378938902,5.867348124,1.638513587,0.853893917,NaN
Strawberry,2019,JAG-19-59,S-19-59,Abroad,Italy,-3.210430929,-25.60008317,-0.030849856,3.411236543,30.13819761,1.796018764,NaN,3.083509286,0.847476162,20.06808707,1.922133321,7.555145906,NaN,13.92658006,26.62169529,12.63329653,NaN,2.486575444,11.42728629,14.00339767,2.775747604,3.369312774,9.503859763,1037.267627,11.64259695,4.60393883,2.025590901,0.5,NaN
Strawberry,2019,JAG-19-28,S-19-28,Abroad,Serbia,-4.223940637,-27.60410022,0.409474555,3.416728365,18.1,1.19,9.52,2.17,0.769,13.2,1.1,33.1,53.4,20.7,26.5,64.8,611,4.3,6.46,7.2,6.33,2.87,2.55,984,3.11,6.07,2.76,0.985,NaN
Strawberry,2019,JAG-19-09,S-19-09,Abroad,Spain,2.151157678,-26.98279728,1.312448234,3.670496277,190,1.54,100,2.84,0.845,22.3,1.02,17.3,26.9,98.7,38.3,124,227,2.86,25.6,108,11.1,6.74,6.48,927,126,8.06,2.28,0.954,82.2
Strawberry,2019,JAG-19-31,S-19-31,Abroad,Spain,4.006096268,-25.20804268,3.34831924,2.428776342,22,1.46,110,2.87,0.909,18.4,0.997,68,124,63.8,39.5,127,140,3.79,12.7,70.4,13.1,4.48,3.05,1667,79.1,5.94,0.68,0.431,55.6
Strawberry,2019,JAG-19-01,S-19-01,Test SLO,Slovenia,-1.474664886,-28.06140948,3.418450706,5.039503354,19.5,1.02,26.2,1.99,0.699,11.5,1.1,22.3,54.5,21.9,20.2,45.5,926,4.3,8.74,NaN,5.52,0.859,5.52,52.5,15,2.56,3.34,2.94,15.5
Strawberry,2019,JAG-19-02,S-19-02,Test SLO,Slovenia,-1.881433672,-28.03483946,1.459878281,0.803955128,43.2,1.5,29,2.61,0.834,16.8,1.26,9.96,28.8,17.3,23.1,71.1,188,2.37,10,15.8,NaN,5.64,7.14,325,23.1,4.76,2.51,4.16,NaN
Strawberry,2019,JAG-19-08,S-19-08,Test SLO,Slovenia,-4.112552861,-27.14921956,2.118625676,5.241742693,11.7,1.09,27.9,1.61,0.659,11.4,1.08,24.8,41.9,16.5,21.7,31.2,86.3,2.31,6.1,7.89,2.5,2.42,2.24,446,3.18,2.08,2.55,2,NaN
Strawberry,2019,JAG-19-11,S-19-11,Test SLO,Slovenia,-2.961529058,-27.91372405,7.205729855,4.586619925,9.24,0.942,22.9,1.74,0.501,10.6,0.922,10.9,35.6,11.2,15.5,39.8,75.7,3.34,5,3.73,2.5,1.47,1.98,230,3.85,1.13,2.55,0.542,NaN
Strawberry,2019,JAG-19-12,S-19-12,Test SLO,Slovenia,-3.368317526,-26.86080976,3.501751606,1.677137985,5.54,0.844,15.3,1.1,0.546,10.1,0.939,14.9,32.5,19.6,14.2,29.3,235,3.85,7.27,NaN,NaN,1.27,3.31,66.4,32.5,1.03,4.98,NaN,51.8
Strawberry,2019,JAG-19-18,S-19-18,Test SLO,Slovenia,-3.766320719,-27.04081807,1.487149677,3.559559318,6.94,0.954,9.27,1.38,0.6,11.2,1.14,14.2,38.9,39.9,24.9,31.6,336,2.61,5.68,NaN,3.8,1.85,2.3,38.3,31.2,4.42,4.22,0.467,NaN
Strawberry,2019,JAG-19-19,S-19-19,Test SLO,Slovenia,-4.350046903,-27.37698214,3.633967113,4.333652207,26.5,1.07,22.7,1.67,0.708,11.8,1.03,31.6,64.4,17.9,25.4,18,86.5,3.27,5.49,3.32,NaN,1.87,1.45,798,5.52,1.39,3.08,0.849,NaN
Strawberry,2019,JAG-19-25,S-19-25,Test SLO,Slovenia,-3.700982437,-27.19685076,3.034186753,4.578007338,8.51,0.954,55.9,1.54,0.652,12,1.14,35.8,69,13.9,19.1,36.7,108,2.07,5.64,14.6,14.9,3.11,2.45,428,3.61,3.7,2.72,0.41,30.5
Strawberry,2019,JAG-19-35,S-19-35,Test SLO,Slovenia,-3.630762344,-28.41257206,4.373401592,3.14600924,10.1,0.996,46.8,1.47,0.656,9.92,1.58,32.3,98.2,21,22.6,30,548,4.15,8.01,9.98,2.88,3.16,5.28,79.5,7.74,5.18,3.8,NaN,32.4
Strawberry,2019,JAG-19-37,S-19-37,Test SLO,Slovenia,-4.370742597,-27.30678173,4.165874354,1.900338922,14,1.02,26.3,1.7,0.759,11.5,1.38,11.5,24.5,23,11.2,96.3,324,4.02,8.31,4.96,5.73,1.3,2.36,525,2.61,4.45,3.39,NaN,NaN
Strawberry,2019,JAG-19-40,S-19-40,Test SLO,Slovenia,-3.585751354,-27.07952655,-0.154231566,2.022706089,14.2,1.32,7.55,2.53,0.786,18.9,1.39,NaN,14.4,27.4,19.8,3.8,NaN,0.936,11.7,14.9,2.5,4.62,11.4,506,NaN,6.56,1.98,1.18,NaN
Strawberry,2019,JAG-19-53,S-19-53,Test SLO,Slovenia,-1.298792354,-27.1879476,0.609157557,2.509221128,7.05,1.12,17.5,1.95,0.545,16.8,1.09,25.4,39.4,30.6,22.6,227,299,2.94,9,11,2.5,1.96,3.07,320,24.6,7.34,4.93,1.15,165
Strawberry,2020,JAG-20-04,S-20-04,Abroad,Croatia,-1.426387316,-25.65702516,3.532544146,1.774407936,9.711570618,1.129717183,6.725192321,1.856193617,0.585596647,14.73129657,2.017398336,20.25109015,29.59027763,16.52851254,20.7589368,41.25013442,249.6125838,3.18526706,6.822466786,11.05276165,NaN,2.589010999,5.671017794,327.5236053,5.342933559,8.273504133,8.922933947,NaN,12.54692173
Strawberry,2020,JAG-20-17,S-20-17,Abroad,Croatia,-1.45724792,-26.25374139,0.228616829,3.197844301,36.52357598,1.24423516,18.8097036,2.341218546,0.928198397,18.79582832,2.255772042,36.60287376,69.53959825,30.03467965,47.44013266,33.27046121,2669.764229,5.960260143,12.32300129,17.28926299,NaN,6.583497507,6.245877027,149.1910651,17.86057807,8.082418327,19.25828953,1.022275703,11.04415139
Strawberry,2020,JAG-20-57,S-20-57,Abroad,Croatia,-2.246707376,-25.84723917,0.008330882,3.485898545,64.47608495,1.138665906,8.851516636,2.410559983,0.674802977,14.77420322,1.521151701,22.65567413,31.73792123,18.4847771,25.34580293,18.19778777,125.3002098,2.433337191,11.31692101,37.94869938,NaN,2.289751508,3.790094102,1253.046489,25.8794964,2.927423366,1.111414236,0.954915239,NaN
Strawberry,2020,JAG-20-42,S-20-42,Abroad,Greece,1.078211011,-26.70547532,1.052302064,1.029194952,13.20536971,1.341068365,13.63417433,2.366800287,0.74862784,20.97450275,1.167011457,38.28289157,35.33703552,30.76336861,36.57952543,59.13186284,220.4129032,2.487362759,9.382427152,137.0325405,17.90481615,5.344271574,6.961031855,567.8173165,33.30420431,11.06953171,2.314669234,0.335170637,NaN
Strawberry,2020,JAG-20-13,S-20-13,Abroad,Italy,1.362406488,-26.03578264,2.063842691,-8.014372525,10.80071977,1.055487432,5.793626116,1.801393423,0.662397005,14.68157461,1.6752994,14.66319184,18.78017099,30.68000349,19.51553897,92.51912526,146.7161507,2.828547365,6.593897487,25.76771534,54.86370366,1.674690653,9.823581027,1102.610235,6.044032856,1.106700467,7.317748005,0.318209782,16.97342435
Strawberry,2020,JAG-20-25,S-20-25,Abroad,Italy,2.214615468,-25.69611027,3.413290949,4.512389837,11.06114553,1.087363547,33.00751108,1.427444168,0.610402336,14.1828855,1.438291555,47.86173749,36.63690832,24.47899897,20.26510169,58.32781579,66.52558164,3.061387477,6.144910705,16.18613998,18.98209861,10.88893822,8.622575666,1323.932397,9.389202128,11.43936762,9.038194263,NaN,18.59757881
Strawberry,2020,JAG-20-33,S-20-33,Abroad,Italy,-2.455709072,-25.7564244,3.031025726,1.862948513,8.558282653,1.344098176,12.01233816,2.31132062,0.779263676,17.71964822,1.54584821,17.33148742,NaN,22.96867157,19.22610008,48.06268981,79.43083489,3.06168576,9.251740453,44.04648601,21.23622109,1.788596124,4.6928573,729.1195367,15.74761915,0.658893924,4.23807688,0.359751694,10.91326121
Strawberry,2020,JAG-20-44,S-20-44,Abroad,Italy,-2.932640726,-27.44178107,-1.749610666,7.155231216,44.57261891,1.459888814,NaN,2.870670684,0.764927371,20.3631775,1.293378277,NaN,19.62006825,45.10633082,23.53083369,39.78648508,47.22583522,1.70708908,13.47186392,64.32702339,4.984455471,4.308455068,5.60054105,666.3335301,15.27826666,6.208944017,1.49088411,1.067048852,NaN
Strawberry,2020,JAG-20-54,S-20-54,Abroad,Italy,-2.91285789,-25.49483771,-2.710020327,8.093646765,21.93832279,1.147964563,NaN,2.252156475,0.547402678,14.21687428,1.310536741,12.0605416,NaN,11.59634565,10.98322388,2.20686454,NaN,0.664006417,6.399938221,5.261807352,7.927451364,1.901977645,19.52693032,345.8296695,1.080318538,4.623500659,2.493900176,1.750053803,NaN
Strawberry,2020,JAG-20-56,S-20-56,Abroad,Italy,-4.792099328,-26.18556269,2.533520825,1.560820484,21.88306101,1.019198885,NaN,2.310683176,0.813551247,10.87650921,1.291720508,13.19658343,NaN,9.038243637,10.16585673,3.170808721,76.37716828,1.663453392,9.146541485,7.522011937,4.804970774,3.315228244,5.116145103,304.2750962,1.233906709,6.494162996,0.470617065,0.579191059,NaN
Strawberry,2020,JAG-20-48,S-20-48,Abroad,Spain,2.624628871,-27.26130742,3.444478016,1.615203356,374.0888064,1.265122511,NaN,2.152327893,0.6950001,14.14163543,1.136889453,21.09368575,NaN,39.91436543,23.53025023,59.75935434,146.76514,2.801270645,13.59660788,207.8091882,20.27942962,12.15790176,2.944124311,1207.506198,17.9433489,87.84566916,2.215674277,1.743026432,11.76646715
Strawberry,2020,JAG-20-01,S-20-01,Test SLO,Slovenia,-0.114490526,-26.83095711,3.583952299,2.943399779,14.46726546,0.996158018,NaN,1.832048267,0.717033859,14.34041105,1.482937122,13.76087144,50.21790861,8.502332405,18.65412355,28.47709333,124.2129687,2.088776178,7.923955691,3.84398523,30.47130303,3.184653567,2.133294114,580.0808835,28.95950864,2.957362397,1.607630727,NaN,47.70001703
Strawberry,2020,JAG-20-02,S-20-02,Test SLO,Slovenia,1.58376349,-28.24000559,4.492691279,5.166895839,40.81329864,0.936392157,NaN,1.569025441,0.510069545,11.96718891,1.998176563,17.22510652,47.69655652,14.59755682,15.48719398,59.0208269,208.2979284,3.252419266,7.691073171,7.659279566,7.429828701,2.591032594,6.53937307,289.9691255,19.54275811,8.44962559,3.131331072,0.826151145,12.01502083
Strawberry,2020,JAG-20-09,S-20-09,Test SLO,Slovenia,0.559536624,-26.05400799,3.128612744,2.044104319,19.04110361,1.23700567,3.493358096,1.887906629,0.740355033,12.3106663,1.449889658,15.1606704,26.78180357,41.37187829,21.20978966,31.88627137,739.8712181,3.976067333,10.00610053,5.846749922,6.789059318,7.933024099,4.53766996,238.5205362,47.55207492,16.34661367,11.27268695,0.676988892,NaN
Strawberry,2020,JAG-20-18,S-20-18,Test SLO,Slovenia,-1.918232898,-27.05098518,4.789948805,1.625981032,15.22601654,1.109718678,24.59665224,2.106593816,0.642439717,14.92221077,2.228581474,30.05751929,31.99194691,22.89952743,21.53372415,63.21338943,239.1539478,3.252040042,10.35403442,22.85098504,NaN,0.974726947,3.472578675,612.6341931,10.72200103,2.640827546,4.676976666,0.497007953,14.93763829
Strawberry,2020,JAG-20-19,S-20-19,Test SLO,Slovenia,1.356096486,-26.6970221,7.287519766,7.100952404,33.87808308,1.35866367,17.99819863,2.438624157,0.857195485,16.59659395,2.119193133,27.29443505,33.51599238,23.533368,31.82692101,34.1949048,750.309677,3.881380502,12.06273173,18.47008822,13.5890758,3.306698177,3.925307827,307.5394579,84.27448804,8.239601754,5.695810268,1.718862507,21.02918708
Strawberry,2020,JAG-20-21,S-20-21,Test SLO,Slovenia,-0.552311673,-27.62084531,5.350008138,3.476231511,10.76262522,1.101063791,18.29813238,1.697097159,0.648484936,12.15514129,1.19216703,22.38461451,31.53729509,37.06621725,23.75811945,55.3551789,709.0061075,4.740804151,10.37731412,7.581225028,9.477634177,8.726026763,3.145012555,123.9113106,38.15106503,7.202891102,5.659999638,NaN,NaN
Strawberry,2020,JAG-20-23,S-20-23,Test SLO,Slovenia,-1.020507335,-27.34160846,3.971642928,1.337313765,16.40454569,1.023536089,20.78716706,1.963182612,0.895069151,10.17868544,2.455223492,17.64163207,28.54958406,24.36731632,15.30026388,83.45009978,209.0931623,5.679875003,10.0050019,12.2708164,4.203934386,1.127615932,2.868605908,708.5663721,3.49701754,3.373016944,3.658346591,1.050601238,13.81500272
Strawberry,2020,JAG-20-24,S-20-24,Test SLO,Slovenia,0.046459913,-26.41770667,4.610847867,2.641322778,19.12370289,0.803345173,13.72193957,1.444517984,0.591037212,10.29710771,1.436080031,21.00728436,29.30516826,13.46714374,18.68758567,26.64841624,194.0222367,2.019617173,4.107218478,6.518553399,NaN,3.892766443,2.233399489,174.9927493,3.379963808,7.253959859,3.239908004,0.45201853,14.42327012
Strawberry,2020,JAG-20-27,S-20-27,Test SLO,Slovenia,-0.643612235,-27.00814789,5.71029867,2.384297644,5.923219523,0.954582816,NaN,1.733126188,0.689382687,8.586704854,1.741230276,8.200496149,NaN,10.68306623,18.07653013,59.70943057,132.1305289,4.173582475,9.378290838,5.03928094,9.084620047,3.274562994,2.675384307,409.9140911,1.90564811,6.894320384,2.275930462,0.49043642,NaN
Strawberry,2020,JAG-20-31,S-20-31,Test SLO,Slovenia,-1.752995874,-26.58792526,6.521742349,2.600547511,6.454209023,1.185749837,8.737133303,2.026038266,0.854240086,12.5353602,2.261066775,10.10038612,NaN,48.61565581,29.97883804,151.8267322,1203.655047,6.304060803,12.76776421,11.16659885,14.43329061,1.064337861,3.813641007,276.7708596,20.87808568,3.948040689,8.555078603,1.208689806,NaN
Strawberry,2020,JAG-20-38,S-20-38,Test SLO,Slovenia,0.125997183,-26.65256272,2.42985939,1.411162433,49.91155542,1.020171685,18.06293067,1.776326078,0.78682802,12.11420158,1.971912352,33.38384064,NaN,26.02971813,21.75344764,77.81508111,228.08384,4.992382188,6.702642304,13.13902549,NaN,0.743274445,2.401672409,358.120271,3.097053627,2.908249869,3.073645121,NaN,12.76460159
Strawberry,2020,JAG-20-39,S-20-39,Test SLO,Slovenia,-2.124287153,-27.91917383,4.636597458,3.283372169,8.603009593,1.130142662,NaN,1.935462061,0.792408558,13.36874294,2.286380739,10.78675779,43.37504161,49.27588681,21.32307875,32.1354003,559.1277014,4.889565776,12.08419316,5.652284383,8.563262119,13.03726709,5.138854744,333.6207597,134.7649561,6.992108561,15.37110373,NaN,NaN
Strawberry,2020,JAG-20-41,S-20-41,Test SLO,Slovenia,-1.424029291,-28.92437392,3.766596774,3.640574699,11.4284372,1.077949342,7.455872156,1.833521685,0.713399712,12.47325738,1.649187874,15.71944672,NaN,27.50037536,13.66639332,61.7986753,40.8773211,2.740230851,8.059089277,4.239426196,NaN,2.383176099,1.524132691,232.0278278,65.2903819,1.306608578,2.365965459,NaN,18.60179722
Strawberry,2020,JAG-20-43,S-20-43,Test SLO,Slovenia,-1.943720885,-27.48907167,4.102685486,2.581970369,26.80493508,1.082528615,7.933670762,1.65511898,0.751029787,14.57075993,2.027829678,20.17529167,24.08706155,22.85461057,30.47591871,27.74694517,387.5537695,3.665601711,17.24244655,6.235936034,3.129425575,4.144076513,4.072763368,116.1482817,75.56430505,10.81452217,12.04151051,0.774588381,25.01205967
Strawberry,2020,JAG-20-55,S-20-55,Test SLO,Slovenia,-2.564998431,-26.42611002,4.556293041,2.099968831,12.34339397,1.418032126,NaN,2.100171779,0.823890918,10.23127895,3.43501858,15.9787147,NaN,27.82159012,32.42232581,43.77790609,778.8784224,4.220217244,11.63629461,NaN,3.189032047,4.089701885,8.078424972,74.91375874,81.28417322,11.27441564,16.92433186,0.766555174,NaN
